"model","effort","n_games","n_solved","n_tokens"
"gpt-6.1-sol","max",4,4,12572
"gpt-6.1-sol","max",4,2,8280
"deepseek-flash","low",4,1,126995
"gpt-6.1-sol","max",4,3,11430
"deepseek-flash","low",4,4,53107
"deepseek-flash","low",4,4,49392
"gpt-6.1-sol","max",4,1,16118
"gpt-6.1-sol","max",4,4,11290
"deepseek-flash","low",4,4,94663
"gpt-6.1-sol","max",4,3,15495
"gpt-6.1-sol","max",4,4,10099
"deepseek-flash","low",4,3,91107
"gpt-6.1-sol","max",4,4,13208
"deepseek-flash","low",4,3,88191
"gpt-6.1-sol","max",4,4,22995
"deepseek-flash","low",4,4,104068
"gpt-6.1-sol","max",4,3,21704
"deepseek-flash","low",4,3,108703
"deepseek-flash","low",4,3,74839
"deepseek-flash","low",4,1,70654
"deepseek-flash","low",5,2,72519
"gpt-6.1-sol","max",5,3,28377
"deepseek-flash","low",5,4,91131
"gpt-6.1-sol","max",5,4,17818
"deepseek-flash","low",5,5,72015
"gpt-6.1-sol","max",5,5,12798
"deepseek-flash","low",5,5,56992
"gpt-6.1-sol","max",5,5,21826
"deepseek-flash","low",5,2,90931
"gpt-6.1-sol","max",5,5,9205
"deepseek-flash","low",5,4,80298
"deepseek-flash","low",5,3,86005
"deepseek-flash","low",5,5,75422
"gpt-6.1-sol","max",5,5,21015
"deepseek-flash","low",5,3,88553
"gpt-6.1-sol","max",5,5,21992
"deepseek-flash","low",5,4,69756
"gpt-6.1-sol","max",5,5,12623
"gpt-6.1-sol","max",5,5,13020
"gpt-6.1-sol","max",5,5,10603
"deepseek-flash","low",6,6,39299
"gpt-6.1-sol","max",6,4,23742
"deepseek-flash","low",6,5,96841
"gpt-6.1-sol","max",6,6,18238
"deepseek-flash","low",6,2,91218
"gpt-6.1-sol","max",6,5,22327
"deepseek-flash","low",6,4,126615
"gpt-6.1-sol","max",6,6,18054
"deepseek-flash","low",6,5,62984
"gpt-6.1-sol","max",6,6,21646
"deepseek-flash","low",6,4,115480
"gpt-6.1-sol","max",6,5,22435
"deepseek-flash","low",6,4,80910
"gpt-6.1-sol","max",6,6,20550
"deepseek-flash","low",6,6,107266
"gpt-6.1-sol","max",6,6,16393
"gpt-6.1-sol","max",6,6,13348
"deepseek-flash","low",6,2,104038
"deepseek-flash","low",6,4,99136
"gpt-6.1-sol","max",6,6,27941
"deepseek-flash","low",7,6,87455
"gpt-6.1-sol","max",7,5,28581
"gpt-6.1-sol","max",7,7,9827
"deepseek-flash","low",7,6,95849
"gpt-6.1-sol","max",7,6,16530
"deepseek-flash","low",7,4,94225
"gpt-6.1-sol","max",7,6,17776
"deepseek-flash","low",7,2,80951
"deepseek-flash","low",7,5,119627
"gpt-6.1-sol","max",7,6,38410
"deepseek-flash","low",7,7,62235
"gpt-6.1-sol","max",7,6,29212
"deepseek-flash","low",7,0,
"deepseek-flash","low",7,4,81692
"gpt-6.1-sol","max",7,6,23278
"deepseek-flash","low",7,4,83893
"gpt-6.1-sol","max",7,7,27027
"deepseek-flash","low",7,6,101449
"gpt-6.1-sol","max",7,7,22496
"gpt-6.1-sol","max",7,7,18676
"deepseek-flash","low",8,7,119225
"gpt-6.1-sol","max",8,8,31700
"gpt-6.1-sol","max",8,7,15639
"deepseek-flash","low",8,5,111934
"deepseek-flash","low",8,6,92690
"deepseek-flash","low",8,0,
"gpt-6.1-sol","max",8,6,41625
"deepseek-flash","low",8,8,89770
"gpt-6.1-sol","max",8,7,21930
"deepseek-flash","low",8,4,100084
"gpt-6.1-sol","max",8,8,18750
"deepseek-flash","low",8,5,110259
"gpt-6.1-sol","max",8,6,28771
"deepseek-flash","low",8,4,84431
"deepseek-flash","low",8,3,97463
"gpt-6.1-sol","max",8,8,26372
"deepseek-flash","low",8,5,79983
"gpt-6.1-sol","max",8,8,23886
"gpt-6.1-sol","max",8,8,20304
"gpt-6.1-sol","max",8,6,30889
"deepseek-flash","low",9,0,
"gpt-6.1-sol","max",9,8,33107
"deepseek-flash","low",9,4,122416
"gpt-6.1-sol","max",9,8,31193
"deepseek-flash","low",9,8,100092
"deepseek-flash","low",9,7,85693
"gpt-6.1-sol","max",9,9,37027
"deepseek-flash","low",9,7,126289
"gpt-6.1-sol","max",9,9,21733
"deepseek-flash","low",9,0,
"gpt-6.1-sol","max",9,9,19739
"deepseek-flash","low",9,9,104580
"deepseek-flash","low",9,6,111922
"gpt-6.1-sol","max",9,8,37120
"deepseek-flash","low",9,4,101859
"gpt-6.1-sol","max",9,9,26207
"deepseek-flash","low",9,2,72549
"gpt-6.1-sol","max",9,9,22033
"gpt-6.1-sol","max",9,9,15968
"gpt-6.1-sol","max",9,9,27975
"deepseek-flash","low",10,7,110382
"gpt-6.1-sol","max",10,10,31867
"deepseek-flash","low",10,0,
"deepseek-flash","low",10,5,80006
"gpt-6.1-sol","max",10,8,43688
"deepseek-flash","low",10,6,112878
"gpt-6.1-sol","max",10,10,30886
"deepseek-flash","low",10,7,102891
"deepseek-flash","low",10,4,75909
"gpt-6.1-sol","max",10,10,27683
"deepseek-flash","low",10,7,93953
"gpt-6.1-sol","max",10,10,29008
"deepseek-flash","low",10,4,106658
"deepseek-flash","low",10,2,89728
"gpt-6.1-sol","max",10,9,35347
"deepseek-flash","low",10,6,91445
"gpt-6.1-sol","max",10,10,32456
"gpt-6.1-sol","max",10,10,34689
"gpt-6.1-sol","max",10,10,25157
"gpt-6.1-sol","max",10,10,28830
"deepseek-flash","low",11,7,79083
"gpt-6.1-sol","max",11,10,28525
"deepseek-flash","low",11,10,124129
"deepseek-flash","low",11,9,130169
"gpt-6.1-sol","max",11,0,
"deepseek-flash","low",11,5,119878
"gpt-6.1-sol","max",11,11,29900
"deepseek-flash","low",11,7,102663
"gpt-6.1-sol","max",11,8,24309
"deepseek-flash","low",11,0,
"deepseek-flash","low",11,7,103943
"gpt-6.1-sol","max",11,11,39875
"deepseek-flash","low",11,7,80476
"gpt-6.1-sol","max",11,10,32124
"deepseek-flash","low",11,0,
"deepseek-flash","low",11,7,116040
"gpt-6.1-sol","max",11,11,36639
"gpt-6.1-sol","max",11,11,31680
"gpt-6.1-sol","max",11,11,25570
"gpt-6.1-sol","max",11,10,39841
"deepseek-flash","low",12,5,90021
"deepseek-flash","low",12,10,94900
"gpt-6.1-sol","max",12,9,45560
"deepseek-flash","low",12,0,
"gpt-6.1-sol","max",12,12,46214
"deepseek-flash","low",12,9,126253
"deepseek-flash","low",12,0,
"gpt-6.1-sol","max",12,11,40549
"deepseek-flash","low",12,6,104991
"deepseek-flash","low",12,0,
"gpt-6.1-sol","max",12,0,
"deepseek-flash","low",12,0,
"gpt-6.1-sol","max",12,12,27537
"deepseek-flash","low",12,9,108006
"deepseek-flash","low",12,6,97409
"gpt-6.1-sol","max",12,12,38161
"gpt-6.1-sol","max",12,12,37135
"gpt-6.1-sol","max",12,12,35653
"gpt-6.1-sol","max",12,11,38593
"gpt-6.1-sol","max",12,11,43745
